iri,properties
https://data.gov.cz/zdroj/datová-sada/http---opendata.praha.eu-api-3-action-package_show-id-potencial-zelenych-strech,Q1525884,Q15614723,Q219416,Q22652,Q23210486,Q2637515,Q283,Q37560832,Q44718351,Q45279121,Q45477820,Q45636125,Q56877699
https://data.gov.cz/zdroj/datová-sada/http---vdb.czso.cz-pll-eweb-package_show-id-kz2016CZ0201,Q11126761,Q11126789,Q446749,Q470394,Q56413379,Q817145
https://data.gov.cz/zdroj/datová-sada/http---vdb.czso.cz-pll-eweb-package_show-id-ps2017CZ0321,Q18180196,Q21587658,Q986068
https://data.gov.cz/zdroj/datová-sada/http---data.ctu.cz-api-3-action-package_show-id-08981ed9-bcba-431c-b799-7933aabb2518,Q12805126,Q224312,Q2566311,Q28775762,Q30,Q3185738,Q32157809,Q920643
https://data.gov.cz/zdroj/datová-sada/http---vdb.czso.cz-pll-eweb-package_show-id-170241-17,Q118084,Q12045742,Q1487317,Q15989253,Q1983062,Q23856042,Q23874284,Q3117270,Q33829,Q404130,Q47574,Q47998080
https://data.gov.cz/zdroj/datová-sada/http---data.mfcr.cz-api-3-action-package_show-id-vyvoj-penzijniho-pripojisteni-doplnkoveho-penzijniho-sporeni,Q11863168,Q156223,Q340724
https://data.gov.cz/zdroj/datová-sada/3384831,Q177923,Q23854827
https://data.gov.cz/zdroj/datová-sada/http---opendata.mzp.cz-api-3-action-package_show-id-isoh-seznam-vyrobcu-elektrozarizeni-povinne-osoby,P176,Q6606110
https://data.gov.cz/zdroj/datová-sada/http---vdb.czso.cz-pll-eweb-package_show-id-ps2017CZ0207,Q11224780,Q11224810,Q1941188,Q20354469,Q27645279,Q3641715,Q44681128,Q45283090,Q45910976,Q46209278
https://data.gov.cz/zdroj/datová-sada/98478,P106,Q12737077,Q1914636,Q451967
https://data.gov.cz/zdroj/datová-sada/http---vdb.czso.cz-pll-eweb-package_show-id-050101,P1181,P2131,Q1038453,Q11398090,Q1196827,Q12777910,Q17165986,Q1796457,Q194112,Q23858472,Q2424752,Q30105076,Q30258621,Q355692,Q416385,Q43387183,Q44659618,Q45303748,Q45349761,Q5189153,Q536724,Q614112,Q82794,Q868257
https://data.gov.cz/zdroj/datová-sada/http---vdb.czso.cz-pll-eweb-package_show-id-kz2016CZ020C,Q17749885,Q985465
https://data.gov.cz/zdroj/datová-sada/http---vdb.czso.cz-pll-eweb-package_show-id-kz2016CZ0325,Q20519699,Q52219657,Q659
https://data.gov.cz/zdroj/datová-sada/http---data.mfcr.cz-api-3-action-package_show-id-statistika-z-oblasti-hazardnich-her,Q12030097,Q22978140,Q23860507,Q3782211
https://data.gov.cz/zdroj/datová-sada/http---vdb.czso.cz-pll-eweb-package_show-id-kz2016CZ0422,Q146356,Q1989836
https://data.gov.cz/zdroj/datová-sada/http---data.ctu.cz-api-3-action-package_show-id-24cffe9f-9b6e-4327-bd63-8930b6abd9bd,P2848,Q1023119,Q104534,Q1435401,Q161618,Q184452,Q233394,Q235570,Q247385,Q2569720,Q29643,Q408881,Q561079,Q586034,Q79703,Q823923
https://data.gov.cz/zdroj/datová-sada/http---data.ctu.cz-api-3-action-package_show-id-ee1b1e72-8f92-49a1-b42d-c2ddd4f4082b,Q1172284,Q1183543,Q13226383,Q25290,Q293153,Q614012,Q8513
https://data.gov.cz/zdroj/datová-sada/http---vdb.czso.cz-pll-eweb-package_show-id-ps2017CZ0425,Q1133874,Q1179360,Q1211796,Q12280,Q146363,Q18085803,Q18180420,Q188635,Q27645894,Q46423448,Q48406864,Q509003,Q56414435
https://data.gov.cz/zdroj/datová-sada/http---data.ctu.cz-api-3-action-package_show-id-ad6d9731-2443-450e-a77e-bbb90a97c9d0,P451,Q23048791,Q23862477,Q246166,Q37512807,Q43389969,Q46087877
https://data.gov.cz/zdroj/datová-sada/37085087,Q11469,Q11472,Q11474,Q12043769,Q23862009,Q27654275,Q45701,Q832664
https://data.gov.cz/zdroj/datová-sada/http---vdb.czso.cz-pll-eweb-package_show-id-250169r19,P1107,P1198,Q13107493,Q178213,Q23301360,Q23867081,Q27763,Q41171,Q4544992,Q629,Q9941
https://data.gov.cz/zdroj/datová-sada/http---vdb.czso.cz-pll-eweb-package_show-id-241048,P2135,P2136,P2139,Q1174972,Q137685,Q182722,Q20057045,Q2187990,Q23856267,Q23858525,Q28793288,Q43528507,Q44739310,Q45307977,Q46198318,Q46216228,Q601401,Q62955,Q850210
https://data.gov.cz/zdroj/datová-sada/243671670,Q1018530,Q11706302,Q11706304,Q15284,Q2049940,Q2183520,Q23854882,Q27644892,Q399068,Q399640,Q45345495,Q484170,Q5153359,Q6784672
https://data.gov.cz/zdroj/datová-sada/http---atom.cuzk.cz-api-3-action-package_show-id-ruian-staty-shp,P17,Q35657,Q7275
https://data.gov.cz/zdroj/datová-sada/http---vdb.czso.cz-pll-eweb-package_show-id-cis108vaz65,Q10397199,Q2014,Q906911,Q9130658
https://data.gov.cz/zdroj/datová-sada/http---opendata.kr-vysocina.cz-api-3-action-package_show-id-vysocina_row,Q36784,Q37476422,Q82794,Q861184
https://data.gov.cz/zdroj/datová-sada/https---opendata.ostrava.cz-api-3-action-package_show-id-seznam-uradu-a-organizaci,Q26161618,Q43229
https://data.gov.cz/zdroj/datová-sada/http---data.mfcr.cz-api-3-action-package_show-id-statistika-statniho-dluhu,P2133,Q1306837,Q158033,Q23856023,Q3196867
https://data.gov.cz/zdroj/datová-sada/http---atom.cuzk.cz-api-3-action-package_show-id-cz-00025712-cuzk_km-ku-vkm_629537,Q2121171,Q3272692,Q37207773,Q4006,Q561895
https://data.gov.cz/zdroj/datová-sada/https---opendata.plzen.eu-api-3-action-package_show-id-gis-technicka-mapa-site-verejne-osvetleni-svetelna-mista-parkovaci-automaty,Q12043136
https://data.gov.cz/zdroj/datová-sada/http---atom.cuzk.cz-api-3-action-package_show-id-cz-00025712-cuzk_km-kp-vfk_607,Q23996413
https://data.gov.cz/zdroj/datová-sada/http---opendata.praha.eu-api-3-action-package_show-id-zps_tickets,Q267917,Q4023475
https://data.gov.cz/zdroj/datová-sada/http---data.ctu.cz-api-3-action-package_show-id-ec84dc23-506f-4e02-9f3b-a5f8b2b7cec2,Q11413,Q11863284,Q1533374,Q180344,Q219221,Q239997,Q26740016,Q29852969,Q30258781,Q349587,Q357129,Q359211,Q37227,Q37287208,Q37477377,Q37499992,Q411373,Q417568,Q424737,Q448242,Q695482,Q7072479,Q7353651,Q7353652,Q988069
https://data.gov.cz/zdroj/datová-sada/254676526,Q11360393,Q11360420,Q1656682,Q224100,Q2595417,Q28057439,Q447430,Q45918893,Q45997802,Q46264625,Q55810373,Q846785
https://data.gov.cz/zdroj/datová-sada/http---vdb.czso.cz-pll-eweb-package_show-id-SLDB-VYBER,Q39825,Q9185886
https://data.gov.cz/zdroj/datová-sada/https---opendata.plzen.eu-api-3-action-package_show-id-gis-zivotni-prostredi-vodstvo-vodni-nadrze,Q15324
https://data.gov.cz/zdroj/datová-sada/http---vdb.czso.cz-pll-eweb-package_show-id-ps2017CZ0641,Q1011076,Q11158626,Q11158632,Q11158638,Q15635985,Q18180137,Q45917705,Q56413507,Q850676,Q881689
https://data.gov.cz/zdroj/datová-sada/http---vdb.czso.cz-pll-eweb-package_show-id-290038r10,Q163297,Q42138,Q473741,Q55120575,Q629975
https://data.gov.cz/zdroj/datová-sada/https---opendata.plzen.eu-api-3-action-package_show-id-gis-prehledy-klad-mapovych-listu-mapa-1-1000,Q257494,Q483130,Q6332360,Q713623
https://data.gov.cz/zdroj/datová-sada/http---opendata.kr-vysocina.cz-api-3-action-package_show-id-vysocina_web,Q242158,Q31207,Q37320491,Q45432
https://data.gov.cz/zdroj/datová-sada/http---vdb.czso.cz-pll-eweb-package_show-id-ps2017CZ0209,Q684
https://data.gov.cz/zdroj/datová-sada/http---vdb.czso.cz-pll-eweb-package_show-id-kz2016CZ0413,Q12055281,Q17749946,Q2298193,Q46324705,Q56412489,Q727383
https://data.gov.cz/zdroj/datová-sada/http---data.ctu.cz-api-3-action-package_show-id-8d38f90b-8bfd-44e9-b26c-4332d36c52f9,Q23847,Q45313965,Q600809
https://data.gov.cz/zdroj/datová-sada/https---data.gov.cz-lkod-mdcr-package_show-id-seznam-dopravci,Q561457
https://data.gov.cz/zdroj/datová-sada/37085119,Q12029797,Q12043032,Q253680,Q294362,Q3407658,Q8385
https://data.gov.cz/zdroj/datová-sada/http---vdb.czso.cz-pll-eweb-package_show-id-kz2016CZ0721,Q158239,Q18180350,Q23852784,Q56412783
https://data.gov.cz/zdroj/datová-sada/http---opendata.praha.eu-api-3-action-package_show-id-lavicky-api-usb,Q12032793,Q12032794,Q1808985,Q44680319,Q52220888,Q56411988
https://data.gov.cz/zdroj/datová-sada/https---data.cssz.cz-api-3-action-package_show-id-posudky-provedene-lps,Q45602018
https://data.gov.cz/zdroj/datová-sada/http---opendata.praha.eu-api-3-action-package_show-id-urady-mestskych-casti-a-magistratu-hl-m-prahy,Q11089454,Q11255,Q182060,Q207170,Q23853944,Q30898156,Q327333,Q33252321,Q37089804,Q396387,Q4592171
https://data.gov.cz/zdroj/datová-sada/http---vdb.czso.cz-pll-eweb-package_show-id-cis5627,Q1390351,Q437092
https://data.gov.cz/zdroj/datová-sada/https---opendata.ostrava.cz-api-3-action-package_show-id-seznam-socialnich-sluzeb,Q12055234
https://data.gov.cz/zdroj/datová-sada/http---vdb.czso.cz-pll-eweb-package_show-id-012052,Q2095
https://data.gov.cz/zdroj/datová-sada/http---atom.cuzk.cz-api-3-action-package_show-id-cz-00025712-cuzk_ruian-csv-hie-st_1,Q188619
https://data.gov.cz/zdroj/datová-sada/37060209,Q11028,Q11774644,Q2031291,Q36966701,Q397261,Q4164344,Q482994,Q49848,Q5288796
https://data.gov.cz/zdroj/datová-sada/https---data.cssz.cz-api-3-action-package_show-id-pocet-vyplat-duchodu-s-exekucni-srazkou,Q21076972
https://data.gov.cz/zdroj/datová-sada/http---vdb.czso.cz-pll-eweb-package_show-id-cis5693,Q7390496
https://data.gov.cz/zdroj/datová-sada/http---vdb.czso.cz-pll-eweb-package_show-id-ps2017CZ0803,Q191793
https://data.gov.cz/zdroj/datová-sada/37085015,Q12047216,Q44828161,Q44832101,Q45100638,Q45315421,Q46051108,Q46057587,Q46358926
https://data.gov.cz/zdroj/datová-sada/http---data.ctu.cz-api-3-action-package_show-id-a1b481c3-6164-446f-988f-103103e14e6d,P166,P2284,P4622,Q1175164,Q160151,Q3496852,Q36921779,Q5257307,Q618779
https://data.gov.cz/zdroj/datová-sada/http---opendata.praha.eu-api-3-action-package_show-id-p6-faktury-2017,Q159810,Q927288
https://data.gov.cz/zdroj/datová-sada/https---opendata.ostrava.cz-api-3-action-package_show-id-program-narodniho-divadla-moravskoslezskeho,Q11635,Q11812394,Q12047957,Q1230474,Q19524864,Q24354,Q35140,Q397234,Q46128148
https://data.gov.cz/zdroj/datová-sada/http---atom.cuzk.cz-api-3-action-package_show-id-cz-00025712-cuzk_ruian-h-za-u_513636,Q11430,Q12056341,Q12056343,Q230866,Q30782603,Q3505845,Q396126,Q587666,Q657326
https://data.gov.cz/zdroj/datová-sada/http---data.ctu.cz-api-3-action-package_show-id-cd520e2a-8520-4bad-b0ab-a01faea03e95,Q43459853,Q45121550,Q45284726,Q45315269,Q45320019,Q45389496,Q45697685,Q45867141,Q45911557,Q46006183,Q46231479,Q46341291
https://data.gov.cz/zdroj/datová-sada/37085183,Q17553950,Q216601,Q223557,Q2285094,Q2501541,Q29382371,Q488383
https://data.gov.cz/zdroj/datová-sada/http---opendata.praha.eu-api-3-action-package_show-id-p6-komise-vybory-souhrn-ucasti,P1344,Q15839414,Q25339289,Q659779,Q865588
https://data.gov.cz/zdroj/datová-sada/http---data.ctu.cz-api-3-action-package_show-id-5795ffc9-e5ce-4c60-a2b8-632397fcb565,Q20058252
https://data.gov.cz/zdroj/datová-sada/http---data.ctu.cz-api-3-action-package_show-id-e9eba869-7b5c-4cf3-bf19-8b3f52869259,Q11016,Q445019,Q50336223,Q7397
https://data.gov.cz/zdroj/datová-sada/http---data.ctu.cz-api-3-action-package_show-id-bd588d87-fc40-4ebf-b14d-6741558801fa,P2121,P275,Q10860918,Q23853140,Q23859419,Q26911,Q2787702,Q79719,Q829909,Q843713
https://data.gov.cz/zdroj/datová-sada/http---vdb.czso.cz-pll-eweb-package_show-id-ps2017CZ0311,Q16506,Q355649
https://data.gov.cz/zdroj/datová-sada/https---opendata.ostrava.cz-api-3-action-package_show-id-pocet-a-typ-sbernych-nadob,Q216530,Q26832950
https://data.gov.cz/zdroj/datová-sada/3384768,Q11933355,Q11933374,Q4189414,Q43384957,Q43397285,Q43402573,Q43455112,Q43463663,Q43467865,Q43522083,Q43524671,Q43543600,Q43571771,Q44622807,Q44623899,Q44624988,Q44628085,Q44639178,Q44648315,Q44653166,Q44653557,Q44694395,Q44696242,Q44699440,Q44700588,Q44703740,Q44704503,Q44710611,Q44711457,Q44711731,Q44716279,Q44725471,Q44728384,Q44731842,Q44736753,Q44739192,Q44795063,Q44806912,Q44818494,Q44820994,Q44829818,Q44831076,Q44838979,Q44843298,Q44849678,Q44853953,Q44867385,Q44874485,Q44908575,Q44923470,Q44926589,Q44943212,Q44947348,Q45024224,Q45028352,Q45032419,Q45037147,Q45038207,Q45039645,Q45056426,Q45059808,Q45061439,Q45088028,Q45105587,Q45111999,Q45112983,Q45123569,Q45127699,Q45127846,Q45135476,Q45138338,Q45141214,Q45142117,Q45143016,Q45143471,Q45147337,Q45148307,Q45149589,Q45151333,Q45151786,Q45167219,Q45168075,Q45173215,Q45174982,Q45178821,Q45179688,Q45180345,Q45187461,Q45193856,Q45210252,Q45218068,Q45220181,Q45225363,Q45225612,Q45226487,Q45232611,Q45255178,Q45271153,Q45271616,Q45274103,Q45274865,Q45276194,Q45279583,Q45280744,Q45289463,Q45290777,Q45298783,Q45306867,Q45308252,Q45311156,Q45312908,Q45313297,Q45313580,Q45313662,Q45315220,Q45317011,Q45320316,Q45320547,Q45320797,Q45320887,Q45321135,Q45321716,Q45322239,Q45323121,Q45325526,Q45338716,Q45339791,Q45341004,Q45341965,Q45342095,Q45343334,Q45344654,Q45347241,Q45348099,Q45353356,Q45369553,Q45376205,Q45378535,Q45636667,Q45661950,Q45666564,Q45669060,Q45678374,Q45688670,Q45716933,Q45717934,Q45732566,Q45734553,Q45735580,Q45738642,Q45739397,Q45747110,Q45748016,Q45750583,Q45775839,Q45777181,Q45777294,Q45778029,Q45782806,Q45788768,Q45790000,Q45791181,Q45803865,Q45805451,Q45806456,Q45843971,Q45851932,Q45852633,Q45858241,Q45873920,Q45894321,Q45895603,Q45924018,Q45929263,Q45935068,Q45937859,Q45949121,Q45950312,Q45956673,Q45961054,Q45966356,Q45971395,Q45974222,Q45979000,Q45980934,Q45983024,Q45983179,Q45984387,Q45998332,Q45998723,Q46011294,Q46012287,Q46013292,Q46013957,Q46014525,Q46022437,Q46024798,Q46025713,Q46026192,Q46028460,Q46030100,Q46038832,Q46042222,Q46046463,Q46046536,Q46049525,Q46051546,Q46052756,Q46052960,Q46062206,Q46071094,Q46071740,Q46081178,Q46083322,Q46085579,Q46086693,Q46088749,Q46091206,Q46100853,Q46103003,Q46105156,Q46107977,Q46108980,Q46130152,Q46132292,Q46140632,Q46142287,Q46151234,Q46153272,Q46155526,Q46162952,Q46186030,Q46186720,Q46189639,Q46193307,Q46193734,Q46195546,Q46196905,Q46204340,Q46206226,Q46208477,Q46212165,Q46221120,Q46225333,Q46244640,Q46249934,Q46257218,Q46275697,Q46286474,Q46318255,Q46321054,Q46326216,Q46327471,Q46327669,Q46339697,Q46346101,Q46347313,Q46347335,Q46351764,Q46357153,Q46361693,Q46369736,Q46397290,Q46401267,Q46402183,Q46407657,Q46413249,Q46416323,Q46416470,Q46584845,Q55862952,Q55863193,Q59823227,Q59823334,Q7696300,Q890949
https://data.gov.cz/zdroj/datová-sada/http---vdb.czso.cz-pll-eweb-package_show-id-ps2017CZ0202,Q169029,Q47497586,Q793704,Q827041,Q9169473
https://data.gov.cz/zdroj/datová-sada/http---vdb.czso.cz-pll-eweb-package_show-id-130143,P828,Q12048356,Q15982056,Q2574811,Q2704024,Q4,Q55913057,Q56816829,Q840548
https://data.gov.cz/zdroj/datová-sada/http---vdb.czso.cz-pll-eweb-package_show-id-kz2016CZ0521,Q12020565,Q12020566,Q1632306,Q1632320,Q23820248,Q23820953,Q23860628,Q2520671,Q33061996,Q344242,Q5610032,Q56414527,Q7867046,Q8302949,Q9294424
https://data.gov.cz/zdroj/datová-sada/3751165,Q1762621,Q566889
https://data.gov.cz/zdroj/datová-sada/255131973,Q1048301,Q10860940
https://data.gov.cz/zdroj/datová-sada/http---vdb.czso.cz-pll-eweb-package_show-id-kz2016CZ0426,Q1245405,Q146342,Q418925,Q56415469
https://data.gov.cz/zdroj/datová-sada/https---opendata.ostrava.cz-api-3-action-package_show-id-pocet-podanych-petic-v-roce-2017,Q23858610,Q697279
https://data.gov.cz/zdroj/datová-sada/225010242,Q190581
https://data.gov.cz/zdroj/datová-sada/https---opendata.plzen.eu-api-3-action-package_show-id-gis-zivotni-prostredi-ochrana-prirody-vyznamne-krajinne-prvky-vkp-ss3,Q12047330
https://data.gov.cz/zdroj/datová-sada/http---vdb.czso.cz-pll-eweb-package_show-id-kz2016reg,Q847805
https://data.gov.cz/zdroj/datová-sada/http---vdb.czso.cz-pll-eweb-package_show-id-cis5159,Q1023754,Q1995,Q21074874,Q4616429,Q851662,Q9130711
https://data.gov.cz/zdroj/datová-sada/http---vdb.czso.cz-pll-eweb-package_show-id-kz2016CZ0723,Q17750066,Q513417,Q56413623
https://data.gov.cz/zdroj/datová-sada/http---opendata.mzp.cz-api-3-action-package_show-id-vyrocni-zpravy-cites,Q191836,Q2509116
https://data.gov.cz/zdroj/datová-sada/http---opendata.praha.eu-api-3-action-package_show-id-priroda-ve-meste,Q1017320,Q12032858,Q12032860,Q12059639,Q1332822,Q19400880,Q200250,Q2156384,Q228793,Q370990,Q37429903,Q37564136,Q56413925,Q857628
https://data.gov.cz/zdroj/datová-sada/37085532,Q10857292,Q148299,Q27654853,Q395011,Q548662
https://data.gov.cz/zdroj/datová-sada/http---data.ctu.cz-api-3-action-package_show-id-b33b487d-4f91-42ac-aeb0-f80a40f4a9b9,Q232576,Q30729875,Q34700,Q3506351,Q719456,Q7406919,Q748331,Q9340206
https://data.gov.cz/zdroj/datová-sada/https---data.cssz.cz-api-3-action-package_show-id-pocty-prihlasenych-pohledavek-cssz-do-insolvencniho-rizeni,Q10530718,Q23859200,Q999646
https://data.gov.cz/zdroj/datová-sada/NKOD,P972,Q18615469,Q228905,Q2352616,Q250233,Q36934971,Q41607123,Q42848
https://data.gov.cz/zdroj/datová-sada/http---vdb.czso.cz-pll-eweb-package_show-id-cis100vaz72,P605,Q1219493,Q193083,Q200547,Q20203388,Q218728,Q3199553,Q41094,Q56440892,Q691899,Q831740
https://data.gov.cz/zdroj/datová-sada/240415378,Q3869602,Q79913
https://data.gov.cz/zdroj/datová-sada/http---data.ctu.cz-api-3-action-package_show-id-a35db949-d246-4b19-aa34-eb7d703c739f,Q3080428
https://data.gov.cz/zdroj/datová-sada/98442,Q342306,Q50810259
https://data.gov.cz/zdroj/datová-sada/http---vdb.czso.cz-pll-eweb-package_show-id-cis5662vaz5663,Q108750,Q11877999,Q189064,Q213,Q223824,Q28833295,Q3504917,Q396,Q4354932,Q5969746,Q637416,Q828074,Q99697
https://data.gov.cz/zdroj/datová-sada/https---opendata.ostrava.cz-api-3-action-package_show-id-stavebni-dozor-stavebniho-uradu-pocet-kontrol-v-roce-2018,Q16517385,Q385378,Q3875186,Q41176,Q58169644,Q811979
https://data.gov.cz/zdroj/datová-sada/http---vdb.czso.cz-pll-eweb-package_show-id-020055,P1083,P276,Q12034785,Q12046144,Q16291363,Q1715008,Q17334923,Q180516,Q19531593,Q215044,Q216040,Q2221906,Q235206,Q2905016,Q36989747,Q37438477,Q37485639,Q4323994,Q52214487,Q56413060,Q618123,Q720519,Q7600331
https://data.gov.cz/zdroj/datová-sada/http---opendata.praha.eu-api-3-action-package_show-id-zastavky-pid-jednotlive-oznacniky-geodata,Q10817751,Q175208,Q2035046,Q2221906,Q264494
https://data.gov.cz/zdroj/datová-sada/http---vdb.czso.cz-pll-eweb-package_show-id-kz2016CZ0804,Q12041366,Q12041367,Q12041368,Q30661227
https://data.gov.cz/zdroj/datová-sada/http---opendata.praha.eu-api-3-action-package_show-id-jizdni-rady-pid,Q12048433,Q452223
https://data.gov.cz/zdroj/datová-sada/http---vdb.czso.cz-pll-eweb-package_show-id-ps2017CZ0532,Q23862315,Q369694,Q36989,Q58169339
https://data.gov.cz/zdroj/datová-sada/http---vdb.czso.cz-pll-eweb-package_show-id-kz2016CZ0631,Q11344294,Q11344317,Q11344343,Q11344368,Q12743,Q12786531,Q194482,Q27654822,Q2925927,Q924118
https://data.gov.cz/zdroj/datová-sada/http---data.ctu.cz-api-3-action-package_show-id-1dd15375-8237-44a4-8c66-5fe08dbd4eb6,Q10870555,Q1415299,Q1636430,Q83620
https://data.gov.cz/zdroj/datová-sada/37085167,P2046,Q11500,Q12041528,Q13538300,Q15886747,Q18341567,Q19401283,Q23866725,Q31147832,Q43385696,Q43550084,Q44645788,Q44709157,Q44742318,Q44770449,Q44793880,Q44838475,Q45122291,Q45136126,Q45142143,Q45186492,Q45196445,Q45197665,Q45199323,Q45208260,Q45321166,Q45343079,Q45731114,Q45738080,Q45746952,Q45776193,Q45790223,Q45851097,Q45856420,Q45898537,Q45899021,Q45965423,Q45982398,Q46141747,Q46318428,Q484298,Q55488
https://data.gov.cz/zdroj/datová-sada/240415451,Q1446290,Q14806568,Q217425,Q23859234
https://data.gov.cz/zdroj/datová-sada/http---data.ctu.cz-api-3-action-package_show-id-a9ca0204-2cd9-4a4b-9484-0b215364e673,Q122141,Q226816,Q2488614,Q437190,Q46622,Q46904,Q79875
https://data.gov.cz/zdroj/datová-sada/http---vdb.czso.cz-pll-eweb-package_show-id-ps2017CZ0634,Q12060305,Q270704
https://data.gov.cz/zdroj/datová-sada/http---data.ctu.cz-api-3-action-package_show-id-804dde87-fbbb-43c9-a575-558c1547760e,Q385378
https://data.gov.cz/zdroj/datová-sada/http---data.ctu.cz-api-3-action-package_show-id-fc45f40e-b906-4549-8670-b31f8abbcfd1,Q103375,Q3123
https://data.gov.cz/zdroj/datová-sada/http---vdb.czso.cz-pll-eweb-package_show-id-kz2016CZ0324,Q23859874,Q37310451,Q3805266,Q667,Q81931
https://data.gov.cz/zdroj/datová-sada/http---opendata.praha.eu-api-3-action-package_show-id-trasy-geodata,Q247172,Q350758
https://data.gov.cz/zdroj/datová-sada/37085079,Q1043452,Q19535937,Q44691335,Q44807397,Q44811846,Q45034080,Q45051995,Q45193339,Q45318992,Q46022511,Q46027334,Q46040435,Q46045839,Q46090826,Q46237328,Q46242475,Q46243648,Q46246797,Q46324425,Q46331022,Q46351003,Q46419768,Q55842038
https://data.gov.cz/zdroj/datová-sada/http---vdb.czso.cz-pll-eweb-package_show-id-ps2017CZ0646,Q11949571,Q23852786,Q954569
https://data.gov.cz/zdroj/datová-sada/255131839,P103,Q12137927,Q28064721,Q315,Q34770,Q3509316,Q4113741,Q9614
https://data.gov.cz/zdroj/datová-sada/http---vdb.czso.cz-pll-eweb-package_show-id-kz2016CZ0632,Q15886841,Q1598984,Q183111,Q23859778,Q56412921,Q729864
https://data.gov.cz/zdroj/datová-sada/2665601,Q12779398,Q1311,Q140012,Q1518767,Q19535927,Q19535933,Q19535935,Q203391,Q215573,Q23818581,Q23862781,Q28915805,Q321102,Q340625,Q3710,Q37473349,Q52214571,Q54869885,Q54869922,Q7302866,Q8071955,Q9391192
https://data.gov.cz/zdroj/datová-sada/http---vdb.czso.cz-pll-eweb-package_show-id-ps2017CZ0206,Q12039313,Q12039315,Q16460350,Q17749942,Q2242554,Q320939
https://data.gov.cz/zdroj/datová-sada/https---opendata.plzen.eu-api-3-action-package_show-id-gis-ostatni-sluzby-policie-zakazane-pobihani-psu,Q3499138,Q35535
https://data.gov.cz/zdroj/datová-sada/http---data.mfcr.cz-api-3-action-package_show-id-kontroly-v-oblasti-zamestnavani-cizincu,Q23853849,Q473741
https://data.gov.cz/zdroj/datová-sada/http---vdb.czso.cz-pll-eweb-package_show-id-kz2016CZ0322,Q18180324,Q602976
https://data.gov.cz/zdroj/datová-sada/http---opendata.praha.eu-api-3-action-package_show-id-lampy_karlin_znecisteni,Q54500076,Q58734
https://data.gov.cz/zdroj/datová-sada/https---opendata.plzen.eu-api-3-action-package_show-id-gis-ostatni-sluzby-detska-hriste-detska-hriste,Q43386976,Q45194347,Q45284632,Q45313963,Q45919300,Q45940624,Q45959972,Q46134219
https://data.gov.cz/zdroj/datová-sada/http---opendata.praha.eu-api-3-action-package_show-id-prodejni-mista-dokladu-pid,Q1142227,Q21512321,Q736288,Q7686022
https://data.gov.cz/zdroj/datová-sada/https---data.army.cz-api-3-action-package_show-id-smlouvy-uzavøené-na-profilu-tendermarket-nen-tender-arena,Q18436438,Q18503853,Q192350,Q2328257,Q2745857,Q30022323,Q36928305,Q37109202,Q641226
https://data.gov.cz/zdroj/datová-sada/240415472,Q1546627,Q16947618,Q185451,Q234221
https://data.gov.cz/zdroj/datová-sada/255131965,Q18122778
https://data.gov.cz/zdroj/datová-sada/http---vdb.czso.cz-pll-eweb-package_show-id-130140r17,P2043,Q12040310,Q1811654,Q190507,Q19528792,Q19528799,Q19533573,Q1963406,Q2199864,Q28758260,Q29163231,Q29168510,Q36253,Q43397932,Q43519521,Q43532611,Q44651215,Q44686862,Q44698380,Q44722994,Q44730765,Q44741373,Q44807000,Q44811364,Q44833050,Q44837621,Q44915412,Q45091282,Q45103641,Q45187643,Q45214488,Q45217509,Q45303126,Q45304245,Q45307893,Q45309845,Q45312922,Q45313306,Q45313441,Q45313504,Q45313558,Q45317337,Q45323139,Q45338740,Q45339807,Q45340191,Q45344820,Q45346927,Q45787407,Q45858266,Q45863018,Q45979020,Q45991463,Q46018747,Q46070748,Q46098716,Q46147705,Q46187964,Q46188268,Q46191728,Q46238870,Q46254253,Q46267180,Q46321534,Q46345888,Q46359560,Q46368036,Q46402812,Q49932964,Q52214420,Q7740251,Q814196
https://data.gov.cz/zdroj/datová-sada/http---opendata.praha.eu-api-3-action-package_show-id-statistiky-odpad,Q12020358,Q2303697,Q347599
https://data.gov.cz/zdroj/datová-sada/https---opendata.ostrava.cz-api-3-action-package_show-id-pocet-dopravnich-prestupku-dle-zpusobu-reseni-evidovanych-v-roce-2018,Q15839293,Q265777,Q2995853
https://data.gov.cz/zdroj/datová-sada/https---data.gov.cz-lkod-mdcr-package_show-id-m-drahy,Q1148750,Q1424016,Q1978245,Q20428117,Q224373,Q293008,Q30024789,Q3267651,Q338802,Q37474931,Q38050496,Q44691818,Q44950629,Q45105316,Q45313993,Q45320770,Q45322516,Q45340920,Q45421026,Q45715483,Q45866014,Q45917718,Q45919315,Q45932336,Q46084870,Q46132362,Q46226771,Q46405361,Q5122119,Q5503,Q5639,Q696611,Q730503
https://data.gov.cz/zdroj/datová-sada/37085548,Q193311
https://data.gov.cz/zdroj/datová-sada/http---vdb.czso.cz-pll-eweb-package_show-id-010022,P1279,Q11712088,Q1175643,Q12039231,Q16422751,Q1744625,Q1744628,Q18185,Q192276,Q2303886,Q2712836,Q273508,Q346075,Q35865,Q37045951,Q580427,Q5962346,Q925445
https://data.gov.cz/zdroj/datová-sada/http---data.ctu.cz-api-3-action-package_show-id-1b979b75-766e-4d4b-b086-bbec42c89757,Q2416375
https://data.gov.cz/zdroj/datová-sada/161424020,Q11811238,Q23855336,Q41652016,Q43384964,Q43402578,Q44729773,Q44795119,Q45032487,Q45104966,Q45115187,Q45195753,Q45266275,Q45317230,Q45339797,Q45478610,Q45739410,Q45980829,Q45988493,Q46039110,Q46153522,Q46353126,Q683595,Q683595
https://data.gov.cz/zdroj/datová-sada/http---vdb.czso.cz-pll-eweb-package_show-id-140133,P452,Q12800111,Q18182606,Q1914636,Q217425,Q224945,Q23851634,Q23854558,Q241636,Q830077
https://data.gov.cz/zdroj/datová-sada/http---vdb.czso.cz-pll-eweb-package_show-id-cis56,Q12016758,Q1389390,Q18454634,Q279749,Q36964540
https://data.gov.cz/zdroj/datová-sada/https---data.cssz.cz-api-3-action-package_show-id-pocet-vystavenych-potvrzeni-o-prislusnosti-k-ceskym-pravnim-predpisum,Q12634064,Q23859179,Q30011,Q382466,Q703,Q82320,Q9922
https://data.gov.cz/zdroj/datová-sada/https---data.cssz.cz-api-3-action-package_show-id-pocet-sto-a-viceletych-duchodcu-v-cr,Q12483,Q1772127,Q185836,Q43183
https://data.gov.cz/zdroj/datová-sada/http---vdb.czso.cz-pll-eweb-package_show-id-ps2017CZ0513,Q11755665,Q146351,Q23854641,Q2720371
https://data.gov.cz/zdroj/datová-sada/http---data.ctu.cz-api-3-action-package_show-id-ed830739-83cd-4b0e-ada9-09b5397e19e1,P2139,Q12047284,Q12047286,Q1347624,Q1514215,Q16825265,Q189443,Q2108842,Q21491634,Q225081,Q225236,Q2764521,Q367026,Q4323994,Q564662
https://data.gov.cz/zdroj/datová-sada/http---vdb.czso.cz-pll-eweb-package_show-id-cis61vaz66,P669,Q11878030,Q14902292,Q17640237,Q1856767,Q79007,Q9366409
https://data.gov.cz/zdroj/datová-sada/http---data.ctu.cz-api-3-action-package_show-id-b103dcac-f0bb-4a3f-9271-9916e33886e8,Q13425248
https://data.gov.cz/zdroj/datová-sada/http---vdb.czso.cz-pll-eweb-package_show-id-kz2016CZ0205,P706,Q11751436,Q12020102,Q1627824,Q16861244,Q196299,Q23682509,Q23820218,Q23824258,Q23825053,Q30607626,Q30652806,Q346859,Q46024528,Q820122,Q8502
https://data.gov.cz/zdroj/datová-sada/98197,Q11082036,Q1141263,Q20665666,Q2534323,Q44759082
https://data.gov.cz/zdroj/datová-sada/http---data.ctu.cz-api-3-action-package_show-id-9e2cb786-218b-4b64-be26-bd7237d3a8ed,Q1019533,Q1019548,Q10396898,Q11706495,Q11706498,Q12037738,Q12046156,Q1246950,Q12626464,Q12637481,Q1371819,Q14870285,Q15416,Q15704878,Q17244465,Q17245659,Q18614734,Q19831453,Q1998897,Q21146237,Q21448970,Q21487807,Q218173,Q224438,Q2253706,Q2296548,Q23048802,Q23444,Q23445,Q23844915,Q25272,Q27645527,Q28047,Q28980099,Q3239049,Q339172,Q339194,Q339302,Q3495489,Q356048,Q37076344,Q374638,Q391371,Q394667,Q42519,Q43051671,Q43386686,Q44656969,Q44748751,Q44790902,Q44834960,Q45057512,Q45095110,Q45104498,Q45265085,Q45311289,Q45313861,Q45367360,Q46016938,Q46020894,Q46097803,Q46146805,Q4646844,Q55810403,Q56413003,Q56414461,Q6025186,Q603948,Q658,Q795228,Q8079730,Q872251,Q884495,Q9137712,Q9137718,Q936496,Q9659
https://data.gov.cz/zdroj/datová-sada/http---data.ctu.cz-api-3-action-package_show-id-55ba0bfd-e2c9-41e0-9acd-a20b526b5399,Q166142,Q23864943,Q25291,Q27891685,Q75,Q79757
https://data.gov.cz/zdroj/datová-sada/942367,Q1185390,Q12632800,Q218097,Q224275,Q23622,Q23855644,Q779903
https://data.gov.cz/zdroj/datová-sada/https---data.cssz.cz-api-3-action-package_show-id-nejcastejsi-priciny-vzniku-invalidity,Q12131
https://data.gov.cz/zdroj/datová-sada/http---opendata.praha.eu-api-3-action-package_show-id-udrzitelna-energetika,Q2151621,Q54371799,Q719597
https://data.gov.cz/zdroj/datová-sada/http---vdb.czso.cz-pll-eweb-package_show-id-ps2017CZ020A,Q10553801,Q23862069,Q679,Q8076011
https://data.gov.cz/zdroj/datová-sada/http---atom.cuzk.cz-api-3-action-package_show-id-cz-00025712-cuzk_ruian-s-k-z_1-h-20181207,Q12049125,Q193168
https://data.gov.cz/zdroj/datová-sada/http---data.mfcr.cz-api-3-action-package_show-id-obecne-zavazne-vyhlasky-obci-regulujici-loterie-jine-podobne-hry,Q21971,Q29431016,Q37194486
https://data.gov.cz/zdroj/datová-sada/255131989,Q44828901,Q45179819
https://data.gov.cz/zdroj/datová-sada/37085159,Q1368310,Q162032,Q17484857,Q1828075,Q23854682,Q33971,Q47034857,Q56682817
https://data.gov.cz/zdroj/datová-sada/37085039,P69,Q1387659,Q22770894,Q23852881,Q29397733,Q29397947,Q29398102,Q29398176,Q30541633,Q30724618,Q30727706,Q30732644,Q30764840,Q30784739,Q30791393,Q30793597,Q30794085,Q30857197,Q30872774,Q30894201,Q31029414,Q31031010,Q31146584,Q31146655,Q31148848,Q31148947,Q31206417,Q31207799,Q31208029,Q31208253,Q31431803,Q31432047,Q31461075,Q31469996,Q31475445,Q31488678,Q31491332,Q31729687,Q31745025,Q31773562,Q31823816,Q31831339,Q31877015,Q31877503,Q33239553,Q33239687,Q33240782,Q33251583,Q33251700,Q33251834,Q33252286,Q33252293,Q33254934,Q33256378,Q33309987,Q33310566,Q33310717,Q33310949,Q33323824,Q33405408,Q33408527,Q33408849,Q33413603,Q33416283,Q33417899,Q33520709,Q33521546,Q35822729,Q36999120,Q37323698,Q37812802,Q37990801,Q38045309,Q38138383,Q38148603,Q38229612,Q38233091,Q38487842,Q38489207,Q3914,Q43385164,Q43385549,Q43385782,Q43400760,Q43402708,Q43402915,Q43402970,Q43404540,Q43404768,Q43405135,Q43431885,Q43434756,Q43437618,Q43447862,Q43468660,Q43469170,Q43471402,Q43475065,Q43476632,Q43484104,Q43491992,Q43516776,Q43520059,Q43520761,Q43525388,Q43526267,Q43527382,Q43528747,Q43532770,Q43533909,Q43538249,Q43572086,Q44612668,Q44622107,Q44622824,Q44622890,Q44624281,Q44625023,Q44625311,Q44626051,Q44628168,Q44637875,Q44639857,Q44640292,Q44642082,Q44643476,Q44648333,Q44648817,Q44651699,Q44653205,Q44653967,Q44687466,Q44697509,Q44698398,Q44700539,Q44700862,Q44701185,Q44702512,Q44704521,Q44705864,Q44708712,Q44709347,Q44711056,Q44711523,Q44711802,Q44715432,Q44716344,Q44720412,Q44722829,Q44724675,Q44725912,Q44728477,Q44730783,Q44732788,Q44734000,Q44734857,Q44736502,Q44738290,Q44739221,Q44740874,Q44742001,Q44742465,Q44743050,Q44746598,Q44746782,Q44747752,Q44748045,Q44750809,Q44756092,Q44759606,Q44760778,Q44762565,Q44763373,Q44764099,Q44766333,Q44766895,Q44766967,Q44769699,Q44769814,Q44770495,Q44791185,Q44797518,Q44798104,Q44798919,Q44805286,Q44809004,Q44812397,Q44815959,Q44818031,Q44818514,Q44827045,Q44827738,Q44828623,Q44833130,Q44834784,Q44837661,Q44844662,Q44847834,Q44852848,Q44854700,Q44856018,Q44859945,Q44867746,Q44878837,Q44909478,Q44940130,Q44943269,Q44945623,Q44955988,Q44964093,Q44965525,Q44982750,Q44984380,Q44987825,Q44989666,Q44991163,Q44991967,Q44992628,Q45022470,Q45025159,Q45025383,Q45026822,Q45028373,Q45032665,Q45034400,Q45037185,Q45038226,Q45039060,Q45040144,Q45041478,Q45042547,Q45043034,Q45044283,Q45044912,Q45046126,Q45046808,Q45047824,Q45048944,Q45049357,Q45051331,Q45052358,Q45056139,Q45057768,Q45058259,Q45058958,Q45061727,Q45062794,Q45088189,Q45089932,Q45090955,Q45091591,Q45091872,Q45093135,Q45094258,Q45097175,Q45101360,Q45105633,Q45110464,Q45111330,Q45113057,Q45114087,Q45115710,Q45116165,Q45118455,Q45130007,Q45130760,Q45132615,Q45133253,Q45138478,Q45138807,Q45139388,Q45140916,Q45142233,Q45143142,Q45145751,Q45149033,Q45150415,Q45151359,Q45165914,Q45167486,Q45168322,Q45169770,Q45171364,Q45172290,Q45172694,Q45177062,Q45179875,Q45181155,Q45185009,Q45187093,Q45194674,Q45200006,Q45202252,Q45202963,Q45203374,Q45203693,Q45204823,Q45205467,Q45205893,Q45206723,Q45207611,Q45208092,Q45208339,Q45209869,Q45212126,Q45214616,Q45216658,Q45217523,Q45220290,Q45223932,Q45225805,Q45226315,Q45226500,Q45227576,Q45230029,Q45230209,Q45231269,Q45232625,Q45247272,Q45248427,Q45249294,Q45249836,Q45250340,Q45251679,Q45253355,Q45254372,Q45257170,Q45266041,Q45268295,Q45271635,Q45274122,Q45279370,Q45279874,Q45281577,Q45282101,Q45288037,Q45288352,Q45291396,Q45292026,Q45292887,Q45293428,Q45303460,Q45305155,Q45305687,Q45305749,Q45306045,Q45308829,Q45309861,Q45310170,Q45310701,Q45310858,Q45311119,Q45311183,Q45312948,Q45313445,Q45313508,Q45313665,Q45313737,Q45317724,Q45319546,Q45319714,Q45320339,Q45320576,Q45320610,Q45320651,Q45320779,Q45320900,Q45321002,Q45321301,Q45321366,Q45321865,Q45322020,Q45323208,Q45325554,Q45326076,Q45338748,Q45339311,Q45339564,Q45339894,Q45340362,Q45340724,Q45341227,Q45342125,Q45343394,Q45348105,Q45348670,Q45348903,Q45350900,Q45353365,Q45363084,Q45363501,Q45365909,Q45366657,Q45370861,Q45375082,Q45378238,Q45378916,Q45379100,Q45620676,Q45624951,Q45684206,Q45710714,Q45711197,Q45713475,Q45715233,Q45717064,Q45717966,Q45731961,Q45732580,Q45735931,Q45736135,Q45738410,Q45739653,Q45739913,Q45740937,Q45743127,Q45743426,Q45745238,Q45745503,Q45746669,Q45751950,Q45752352,Q45773164,Q45774240,Q45775209,Q45775853,Q45780729,Q45781390,Q45783175,Q45785341,Q45788157,Q45788554,Q45790049,Q45790533,Q45790861,Q45803891,Q45804031,Q45805996,Q45806183,Q45851215,Q45851487,Q45851944,Q45852641,Q45852852,Q45854168,Q45854556,Q45856790,Q45860031,Q45860353,Q45860501,Q45864740,Q45872560,Q45873941,Q45895628,Q45910889,Q45912157,Q45914229,Q45915945,Q45916815,Q45917691,Q45924144,Q45925811,Q45926944,Q45929520,Q45931986,Q45935120,Q45937931,Q45941181,Q45944901,Q45945218,Q45945489,Q45949388,Q45950866,Q45954957,Q45955783,Q45957199,Q45958142,Q45963737,Q45964813,Q45966397,Q45968934,Q45970629,Q45978508,Q45982674,Q45989483,Q45998234,Q45999687,Q46008609,Q46011781,Q46011929,Q46014683,Q46019686,Q46024189,Q46028278,Q46032680,Q46033154,Q46039704,Q46044478,Q46046185,Q46046613,Q46051694,Q46059313,Q46062740,Q46072265,Q46076672,Q46079232,Q46079955,Q46085617,Q46092833,Q46096300,Q46098377,Q46107114,Q46108062,Q46131958,Q46132277,Q46134640,Q46135121,Q46139021,Q46139665,Q46143089,Q46146635,Q46148071,Q46149200,Q46150424,Q46151252,Q46160778,Q46162106,Q46193833,Q46197319,Q46198331,Q46212995,Q46216141,Q46219122,Q46237632,Q46243307,Q46247557,Q46248425,Q46252344,Q46258137,Q46268614,Q46328099,Q46328904,Q46330010,Q46346166,Q46357946,Q46359598,Q46361441,Q46364358,Q46402858,Q46405902,Q46414863,Q47254132,Q48050705,Q48051023,Q51885575,Q52327728,Q55863185,Q55863196,Q55863202,Q661199,Q744026,Q8434
https://data.gov.cz/zdroj/datová-sada/98766,Q10857359,Q10857360,Q10857361,Q10857362,Q1485500,Q17249281,Q1751943,Q194189
https://data.gov.cz/zdroj/datová-sada/http---vdb.czso.cz-pll-eweb-package_show-id-kz2016CZ0423,Q384403,Q52219023
https://data.gov.cz/zdroj/datová-sada/http---vdb.czso.cz-pll-eweb-package_show-id-kz2016CZ0525,Q320950
https://data.gov.cz/zdroj/datová-sada/http---vdb.czso.cz-pll-eweb-package_show-id-ps2017CZ0411,Q193719,Q56413729,Q800619
https://data.gov.cz/zdroj/datová-sada/98791,Q12043510,Q12043511,Q30601740,Q30663129,Q44738659,Q44741234,Q44855575,Q44870394,Q44875894,Q45310841,Q45912035,Q45912927,Q45913625,Q45942409,Q45951563,Q45955683,Q46148551,Q46149917,Q46184673,Q46223883,Q46231189,Q46233608,Q46269705,Q46319711,Q547416,Q59822934
https://data.gov.cz/zdroj/datová-sada/98502,P5110,Q12043006,Q215627,Q23853480,Q36952962,Q690940,Q712378,Q895526
https://data.gov.cz/zdroj/datová-sada/http---opendata.praha.eu-api-3-action-package_show-id-opencard,Q11878733
https://data.gov.cz/zdroj/datová-sada/http---vdb.czso.cz-pll-eweb-package_show-id-ps2017CZ0326,Q21655336,Q2479648,Q986072
https://data.gov.cz/zdroj/datová-sada/http---vdb.czso.cz-pll-eweb-package_show-id-cis5654,Q226492
https://data.gov.cz/zdroj/datová-sada/http---data.mfcr.cz-api-3-action-package_show-id-vyvoj-stavebniho-sporeni,Q319622
https://data.gov.cz/zdroj/datová-sada/https---opendata.ostrava.cz-api-3-action-package_show-id-provozovny-organizace-sareza,Q1229875,Q1500112,Q200023,Q210182,Q2372780,Q23866420,Q31920,Q570609,Q6388
https://data.gov.cz/zdroj/datová-sada/https---opendata.plzen.eu-api-3-action-package_show-id-gis-uzemni-planovani-uzemni-plan-lokality-up,Q309100,Q7201355
https://data.gov.cz/zdroj/datová-sada/http---vdb.czso.cz-pll-eweb-package_show-id-kz2016CZ0647,Q18180625,Q214956,Q23876052,Q56415461,Q8073144
https://data.gov.cz/zdroj/datová-sada/37085023,Q11701293,Q12020644,Q12020645,Q12020646,Q12020647,Q133346,Q1545841,Q1632370,Q23858924,Q26982044,Q342959,Q45803985,Q52218803,Q56411875,Q56417246,Q638306,Q7719390,Q9275860,Q933400,Q9505308
https://data.gov.cz/zdroj/datová-sada/http---atom.cuzk.cz-api-3-action-package_show-id-cz-00025712-cuzk_gmpl-ku-vfk_794341,Q1371819
https://data.gov.cz/zdroj/datová-sada/3390773,Q2119758
https://data.gov.cz/zdroj/datová-sada/https---data.cssz.cz-api-3-action-package_show-id-pocet-spravnich-exekuci,Q186302,Q23854810,Q3966286
https://data.gov.cz/zdroj/datová-sada/http---vdb.czso.cz-pll-eweb-package_show-id-cis109,P782,Q163359,Q16871901,Q414916,Q6497592
https://data.gov.cz/zdroj/datová-sada/http---data.ctu.cz-api-3-action-package_show-id-5dd6c38e-58b6-4d7e-97e7-714938019df0,Q12645461,Q135877,Q37566106
https://data.gov.cz/zdroj/datová-sada/http---vdb.czso.cz-pll-eweb-package_show-id-kz2016CZ0802,Q10816931,Q23862007,Q5506776,Q9264038
https://data.gov.cz/zdroj/datová-sada/https---data.cssz.cz-api-3-action-package_show-id-udaje-o-cinnosti-call-centra-pro-np,Q191165,Q407264,Q45104398,Q45105822,Q638910
https://data.gov.cz/zdroj/datová-sada/http---vdb.czso.cz-pll-eweb-package_show-id-kz2016CZ0412,Q26736716,Q37049368,Q546133
https://data.gov.cz/zdroj/datová-sada/http---vdb.czso.cz-pll-eweb-package_show-id-kz2016CZ0711,Q11725828,Q56413361,Q954611
https://data.gov.cz/zdroj/datová-sada/http---atom.cuzk.cz-api-3-action-package_show-id-cz-00025712-cuzk_cp_797511,Q1662674
https://data.gov.cz/zdroj/datová-sada/http---vdb.czso.cz-pll-eweb-package_show-id-020050,P1110,Q45989995,Q659779
https://data.gov.cz/zdroj/datová-sada/http---opendata.praha.eu-api-3-action-package_show-id-faktury,Q12059565
https://data.gov.cz/zdroj/datová-sada/http---atom.cuzk.cz-api-3-action-package_show-id-cz-00025712-cuzk_km-ku-shp_738565,Q1753784,Q408792
https://data.gov.cz/zdroj/datová-sada/http---vdb.czso.cz-pll-eweb-package_show-id-ps2017CZ0208,Q19533595,Q430864,Q56414822
https://data.gov.cz/zdroj/datová-sada/http---vdb.czso.cz-pll-eweb-package_show-id-070013,Q12047473,Q14601932,Q19525451,Q2200407,Q251741,Q37163193,Q4116378,Q44832675,Q52214297,Q659974,Q7257997
https://data.gov.cz/zdroj/datová-sada/111568827,P560,Q1047844,Q1093766,Q11402,Q12058061,Q21032314,Q2151613,Q344762,Q5467425,Q605035
https://data.gov.cz/zdroj/datová-sada/37085047,P2547,Q28474,Q474704,Q57414529
https://data.gov.cz/zdroj/datová-sada/https---opendata.plzen.eu-api-3-action-package_show-id-gis-rastrovy-podklad-stare-mapy-plan-mesta-r-1891,Q1072806,Q12056183
https://data.gov.cz/zdroj/datová-sada/http---data.ctu.cz-api-3-action-package_show-id-8adbde13-605f-4be3-970c-5ac0140f57a0,P3301,Q131214,Q1340766,Q13538856,Q251616,Q315660,Q37555234,Q45318077,Q46040034,Q725595,Q872
https://data.gov.cz/zdroj/datová-sada/37085063,P2048,Q10623719,Q1094553,Q1345954,Q14848841,Q156389,Q208826,Q2353718,Q24038885,Q2633778,Q2726568,Q28468111,Q330531,Q339495,Q44946,Q50807871,Q7207922
https://data.gov.cz/zdroj/datová-sada/http---data.ctu.cz-api-3-action-package_show-id-ab5535d7-0d7d-4d82-b25c-a886c98384ed,Q12042772,Q1207505,Q185957,Q443728,Q574512
https://data.gov.cz/zdroj/datová-sada/http---vdb.czso.cz-pll-eweb-package_show-id-130142,P1082,P21,Q1164699,Q22978105,Q23866983,Q23867361,Q2625603,Q290,Q6671777,Q8083174
https://data.gov.cz/zdroj/datová-sada/http---vdb.czso.cz-pll-eweb-package_show-id-kz2016CZ0645,Q12019919,Q1622741,Q1622750,Q17750111,Q23852787,Q321778,Q446725
https://data.gov.cz/zdroj/datová-sada/http---atom.cuzk.cz-api-3-action-package_show-id-cz-00025712-cuzk_km-ku-dgn_644803,Q223223
https://data.gov.cz/zdroj/datová-sada/https---opendata.plzen.eu-api-3-action-package_show-id-gis-ostatni-odpady-obnosene-osaceni,Q45701
https://data.gov.cz/zdroj/datová-sada/http---data.ctu.cz-api-3-action-package_show-id-9a9e3870-fd20-4ac7-aa8d-0cd7cdfa1206,P4156,Q11185471,Q1136371,Q1175919,Q12470122,Q16110064,Q18507114,Q204470,Q235244,Q23756,Q3240157,Q37509546,Q38712,Q3908516,Q42302581,Q43385758,Q43404673,Q43430464,Q43438374,Q43440839,Q43465248,Q43467088,Q43471565,Q43483325,Q43486829,Q43493058,Q43519318,Q43520518,Q43522618,Q43524080,Q43530021,Q43532219,Q43532516,Q43566438,Q44612507,Q44695328,Q44719272,Q44721890,Q44729198,Q44733895,Q44736719,Q44739132,Q44739882,Q44748668,Q44762467,Q44806529,Q44827230,Q44845452,Q44847044,Q44906485,Q44927472,Q44946241,Q45037024,Q45038054,Q45038897,Q45041092,Q45087500,Q45089520,Q45106271,Q45168685,Q45195063,Q45223463,Q45230166,Q45231510,Q45272469,Q45279283,Q45284853,Q45305121,Q45307950,Q45308142,Q45310846,Q45310991,Q45313289,Q45313499,Q45313548,Q45313728,Q45323036,Q45338648,Q45346419,Q45376949,Q45733905,Q45741737,Q45748001,Q45751983,Q45851134,Q45851892,Q45856470,Q45861189,Q45873315,Q45895830,Q45913713,Q45915229,Q45958616,Q45964515,Q45970497,Q45974077,Q45979437,Q46008643,Q46074499,Q46134658,Q46236853,Q46405801,Q788590,Q9387697
https://data.gov.cz/zdroj/datová-sada/https---opendata.ostrava.cz-api-3-action-package_show-id-stiznosti-petice-a-podnety,Q1220913,Q23859115
https://data.gov.cz/zdroj/datová-sada/https---opendata.plzen.eu-api-3-action-package_show-id-gis-zivotni-prostredi-ochrana-prirody-uses-uses-pm,Q12042119
https://data.gov.cz/zdroj/datová-sada/http---data.ctu.cz-api-3-action-package_show-id-71b84e94-82ba-454c-b1c1-ec76302c7369,P3301,Q289,Q2943266,Q506240
https://data.gov.cz/zdroj/datová-sada/http---data.mfcr.cz-api-3-action-package_show-id-cista-pozice-cr-vuci-eu,P1545,Q23008351,Q27891677,Q4164871
https://data.gov.cz/zdroj/datová-sada/https---data.cssz.cz-api-3-action-package_show-id-systemizovana-mista-a-fluktuace-zamestnancu-cssz,Q402478
https://data.gov.cz/zdroj/datová-sada/https---opendata.plzen.eu-api-3-action-package_show-id-gis-ostatni-pamatky-chranena-uzemi,Q16999091
https://data.gov.cz/zdroj/datová-sada/http---vdb.czso.cz-pll-eweb-package_show-id-kz2016CZ0204,Q166594,Q365,Q470369,Q56900381
https://data.gov.cz/zdroj/datová-sada/https---opendata.plzen.eu-api-3-action-package_show-id-gis-technicka-mapa-site-optika-optika-sit-useky-optiky-sit,Q12773082,Q14620,Q1641412,Q37071986
https://data.gov.cz/zdroj/datová-sada/http---data.ctu.cz-api-3-action-package_show-id-459e616e-f8bd-4ac8-9556-5f7335d07bff,Q11089939,Q15842635,Q19723511,Q206923,Q225866,Q28836938,Q37033230,Q43024,Q680016
https://data.gov.cz/zdroj/datová-sada/98526,Q12772892,Q1315869,Q1758159,Q23850726,Q36877704,Q762856
https://data.gov.cz/zdroj/datová-sada/252545162,Q410776
https://data.gov.cz/zdroj/datová-sada/https---opendata.plzen.eu-api-3-action-package_show-id-zatizeni-prepazek-odbor-registru-vozidel-a-ridicu,Q182060,Q226571,Q58778
https://data.gov.cz/zdroj/datová-sada/http---vdb.czso.cz-pll-eweb-package_show-id-kz2016CZ0534,Q11088260,Q11088271,Q1233637,Q246522,Q27659939,Q330329,Q330346,Q330455,Q56415557,Q969100
https://data.gov.cz/zdroj/datová-sada/http---vdb.czso.cz-pll-eweb-package_show-id-cis5707vaz5708,Q260621
https://data.gov.cz/zdroj/datová-sada/http---opendata.praha.eu-api-3-action-package_show-id-ipr-verejne_prospesne_stavby_-_liniove_prvky__uzemni_plan,Q11179150,Q12781266,Q1417456,Q1769193,Q19400502,Q23854560,Q340674,Q43400611,Q43444588,Q43458217,Q43464670,Q43465929,Q43466428,Q43468147,Q43470170,Q43485638,Q43520736,Q43573586,Q43897235,Q44629700,Q44650473,Q44708952,Q44712514,Q44716914,Q44726378,Q44735159,Q44739434,Q44743437,Q44758565,Q44761606,Q44765886,Q44767025,Q44768834,Q44770788,Q44853073,Q44931703,Q44945256,Q44948315,Q44961977,Q45023516,Q45037455,Q45045357,Q45056736,Q45064082,Q45099020,Q45108553,Q45136568,Q45186289,Q45207813,Q45215669,Q45218576,Q45228068,Q45255937,Q45270602,Q45273139,Q45279676,Q45311291,Q45313941,Q45319490,Q45321231,Q45367549,Q45630476,Q45647481,Q45701420,Q45775519,Q45786427,Q45791305,Q45846682,Q45928365,Q45929825,Q45959959,Q46006805,Q46025667,Q46129601,Q46202762,Q46208671,Q46353273,Q46393296,Q7270,Q733195
https://data.gov.cz/zdroj/datová-sada/http---vdb.czso.cz-pll-eweb-package_show-id-se2016okrsky,Q130614,Q16716105,Q213,Q215987,Q23853245,Q2570643,Q343948,Q66096
https://data.gov.cz/zdroj/datová-sada/http---vdb.czso.cz-pll-eweb-package_show-id-140131,Q12016596,Q167037,Q23859542,Q257868,Q43467598,Q44621858,Q44737042,Q44742023,Q44793915,Q44858765,Q45025330,Q45167273,Q45202765,Q45205315,Q45274698,Q45307236,Q45315839,Q45376938,Q4539,Q45873874,Q45913019,Q45914961,Q45953318,Q45954798,Q45988746,Q46015149,Q46048197,Q46054901,Q46061009,Q46083863,Q46140055,Q46185923,Q46190011,Q46217127,Q46217989,Q46223923,Q46224479,Q46227760,Q46229878,Q46262055,Q46271555,Q46335961,Q46347851,Q8425
https://data.gov.cz/zdroj/datová-sada/https---opendata.plzen.eu-api-3-action-package_show-id-gis-rastrovy-podklad-uzemni-plan-plzen-2-hlavni-vykres,Q12773969,Q1371819,Q152281,Q23862381,Q23866203,Q36636476,Q3918409,Q43453
https://data.gov.cz/zdroj/datová-sada/http---vdb.czso.cz-pll-eweb-package_show-id-ps2017CZ0533,Q18180534,Q755698
https://data.gov.cz/zdroj/datová-sada/http---opendata.praha.eu-api-3-action-package_show-id-prazske-parky,Q107,Q10857155,Q12047214,Q15715234,Q1743799,Q19531362,Q19531365,Q23872028,Q348620,Q43535773,Q44693798,Q45950103,Q46028522,Q46042205,Q46069149,Q46262116,Q46274597,Q46362608,Q472971,Q52214483,Q7860
https://data.gov.cz/zdroj/datová-sada/http---vdb.czso.cz-pll-eweb-package_show-id-kz2016CZ0511,Q12034624,Q12034625,Q12034627,Q127849,Q164476,Q1879547,Q19400893,Q23860126,Q26785526,Q26785533,Q26785546,Q26786218,Q302121,Q410459,Q45417383,Q56414904,Q575018
https://data.gov.cz/zdroj/datová-sada/http---data.mfcr.cz-api-3-action-package_show-id-ict-naklady-resortu-mf-mo-mmr-mzp-msp-md-2005-2014,P2130,Q23859231
https://data.gov.cz/zdroj/datová-sada/http---data.ctu.cz-api-3-action-package_show-id-6d544c14-15a4-4758-82c3-e0f31020c490,Q105210,Q1076579,Q11819200,Q12051047,Q17547140,Q19528833,Q19536134,Q19536138,Q19536141,Q231010,Q23859225,Q24810123,Q25245,Q2703920,Q28030544,Q508295,Q7748,Q7767876
https://data.gov.cz/zdroj/datová-sada/http---opendata.praha.eu-api-3-action-package_show-id-p6-prehled-investicnich-akci-a-velkych-oprav-materskych-azakladnich-skol,Q4290,Q8134
https://data.gov.cz/zdroj/datová-sada/http---atom.cuzk.cz-api-3-action-package_show-id-cz-00025712-cuzk_ruian-obce-shp_599123,Q2008703
https://data.gov.cz/zdroj/datová-sada/2346975,P1329,Q11035,Q1170527,Q214995,Q226520,Q270215,Q2905831,Q7696159
https://data.gov.cz/zdroj/datová-sada/http---data.ctu.cz-api-3-action-package_show-id-e8741b4c-2c27-4430-bebe-e1c920e23d88,Q1224027,Q29398518,Q29398840,Q30860333,Q30876218,Q30897018,Q31029952,Q31030076,Q31030476,Q31030991,Q31148313,Q31208292,Q31470578,Q31495132,Q31509095,Q31515631,Q31687932,Q31698667,Q31737736,Q31744361,Q31882773,Q33240790,Q33252250,Q33311397,Q33312625,Q33406498,Q33426018,Q33521740,Q33525483,Q33527203,Q35054,Q38148195,Q49845
https://data.gov.cz/zdroj/datová-sada/37085031,Q10615365,Q10615387,Q18402,Q27645333,Q30524215,Q34442
https://data.gov.cz/zdroj/datová-sada/http---vdb.czso.cz-pll-eweb-package_show-id-kz2016CZ0315,Q19401288,Q29448923,Q327764
https://data.gov.cz/zdroj/datová-sada/http---vdb.czso.cz-pll-eweb-package_show-id-cis118,P782
https://data.gov.cz/zdroj/datová-sada/http---vdb.czso.cz-pll-eweb-package_show-id-kz2016CZ0203,Q1176309,Q155993,Q1744191,Q18180318,Q56416005
https://data.gov.cz/zdroj/datová-sada/https---opendata.ostrava.cz-api-3-action-package_show-id-statistika-prujezdu-vozidel-ze-sledovanych-krizovatek-v-roce-2017,Q1126876,Q1777515,Q26714044,Q4323994,Q43386916,Q44628669,Q44742958,Q44809341,Q45195451,Q45205735,Q45313980,Q45322513,Q45781186,Q45897565,Q45971782,Q46012233,Q46039917,Q56413033,Q7590,Q814295
https://data.gov.cz/zdroj/datová-sada/http---vdb.czso.cz-pll-eweb-package_show-id-kz2016CZ0316,Q15887081,Q29448715,Q750224
https://data.gov.cz/zdroj/datová-sada/https---opendata.plzen.eu-api-3-action-package_show-id-gis-doprava-ulicni-graf-plochy-komunikaci,Q1158367,Q141488,Q1474611,Q182598,Q226256,Q28923
https://data.gov.cz/zdroj/datová-sada/http---vdb.czso.cz-pll-eweb-package_show-id-ps2017CZ0644,Q23852792,Q5005700,Q56413661,Q581478
https://data.gov.cz/zdroj/datová-sada/http---vdb.czso.cz-pll-eweb-package_show-id-200068,Q11863246,Q11863247,Q188507,Q23857705,Q270510,Q385378,Q3947,Q5004608,Q55023996
https://data.gov.cz/zdroj/datová-sada/https---data.cssz.cz-api-3-action-package_show-id-sazby-pojisteni-v-cr,Q12050999,Q837721
https://data.gov.cz/zdroj/datová-sada/http---data.ctu.cz-api-3-action-package_show-id-c47c54c3-04fd-4a8b-8217-8f32cdbedbf5,Q18822,Q342254,Q43397181,Q5015017,Q51538905
https://data.gov.cz/zdroj/datová-sada/http---opendata.praha.eu-api-3-action-package_show-id-ipr-digitalni_technicka_mapa_prahy_-_technicke_vyuziti_uzemi_-_viceurovnove_plochy,Q1085,Q12046786,Q12046787,Q12046789,Q1240052,Q17214154,Q23866628,Q325055,Q42764457,Q54461807,Q7313693
https://data.gov.cz/zdroj/datová-sada/http---data.mfcr.cz-api-3-action-package_show-id-statni-pokladna-ciselniky,P2769,Q12046138,Q386147,Q41263
https://data.gov.cz/zdroj/datová-sada/http---vdb.czso.cz-pll-eweb-package_show-id-ps2017CZ0712,Q12055158,Q15880017,Q1776764,Q19529800,Q23855781,Q23860701,Q23875062,Q23904580,Q28575,Q40231,Q56045239,Q56416000,Q770948,Q81137
https://data.gov.cz/zdroj/datová-sada/https---opendata.plzen.eu-api-3-action-package_show-id-gis-technicka-mapa-vrstevnice,Q43398457,Q44693201,Q45318064,Q45942063,Q46200735,Q46379890
https://data.gov.cz/zdroj/datová-sada/http---vdb.czso.cz-pll-eweb-package_show-id-kz2016CZ0715,Q392692,Q9397009
https://data.gov.cz/zdroj/datová-sada/http---data.ctu.cz-api-3-action-package_show-id-c9def509-faa6-4ec3-adfa-c13c3955081d,Q12046378
https://data.gov.cz/zdroj/datová-sada/http---vdb.czso.cz-pll-eweb-package_show-id-170240-17,P4908,Q10513301,Q170198,Q20937557,Q3464665,Q811704
https://data.gov.cz/zdroj/datová-sada/http---vdb.czso.cz-pll-eweb-package_show-id-cis6650vaz5585,Q11187127,Q2002,Q297627,Q355895
https://data.gov.cz/zdroj/datová-sada/http---atom.cuzk.cz-api-3-action-package_show-id-cz-00025712-cuzk_ruian-csv-adr-ob_599379,Q233727,Q935809
https://data.gov.cz/zdroj/datová-sada/http---vdb.czso.cz-pll-eweb-package_show-id-kz2016CZ0522,Q18180286,Q23859984,Q656603
https://data.gov.cz/zdroj/datová-sada/37085540,Q153,Q2647462,Q47497533,Q5164760
https://data.gov.cz/zdroj/datová-sada/https---www.vlada.cz-scripts-modules-otevrena_data-package_show-id-clenove-poradnich-organu,P2354,Q12051586,Q12139612,Q27948
https://data.gov.cz/zdroj/datová-sada/https---opendata.ostrava.cz-api-3-action-package_show-id-prehled-nalezu-evidovanych-smo,Q12041569,Q23854577,Q37112258
https://data.gov.cz/zdroj/datová-sada/https---opendata.plzen.eu-api-3-action-package_show-id-gis-ostatni-bez-barier-bezbarierove-objekty-ostatni,P1011,Q131448,Q167291,Q2900504,Q353676,Q37236775,Q5991699,Q6565319
https://data.gov.cz/zdroj/datová-sada/https---www.vlada.cz-scripts-modules-otevrena_data-package_show-id-CEA-Aktivity-VaVaI,P2364,P3295,Q12042192,Q188889,Q23853151,Q53375767,Q55121068
https://data.gov.cz/zdroj/datová-sada/http---opendata.praha.eu-api-3-action-package_show-id-zoo-akce,Q12027714,Q12027715,Q12132,Q1328144,Q23860100,Q449453
https://data.gov.cz/zdroj/datová-sada/37085111,Q109406,Q1412924,Q1900326,Q22667,Q23861317,Q293596,Q393519,Q43444806,Q43516119,Q44691498,Q44728922,Q44768746,Q44817136,Q44835235,Q44978319,Q45052484,Q45088878,Q45097573,Q45208430,Q45217734,Q45225978,Q45289447,Q45294164,Q45324645,Q45327124,Q45340280,Q45420017,Q45854517,Q45914354,Q46131236,Q46415452,Q466884,Q56413108
https://data.gov.cz/zdroj/datová-sada/http---data.ctu.cz-api-3-action-package_show-id-f3467d41-8e9b-41b6-98af-54c598afc1bf,Q118093,Q12048041,Q12048169,Q12916,Q181460,Q206904,Q21068,Q243253,Q274506,Q289,Q46185839,Q46359416,Q728113,Q740002,Q9852
https://data.gov.cz/zdroj/datová-sada/http---data.ctu.cz-api-3-action-package_show-id-735d5af8-2893-47e4-97ff-001c04fe0fd0,Q10513888,Q17455260,Q2061186,Q36602,Q51932533,Q5999593,Q922203
https://data.gov.cz/zdroj/datová-sada/3746354,Q188860,Q215857,Q247118,Q30721788,Q36863982,Q37818806,Q38038135,Q7075
https://data.gov.cz/zdroj/datová-sada/http---data.ctu.cz-api-3-action-package_show-id-0cb3aa48-2a75-4d54-adfd-ac28753b3608,Q1062162,Q137823,Q157119,Q5290,Q6021804,Q857891
https://data.gov.cz/zdroj/datová-sada/http---vdb.czso.cz-pll-eweb-package_show-id-cis88vaz87,Q406394
https://data.gov.cz/zdroj/datová-sada/http---opendata.praha.eu-api-3-action-package_show-id-statistika-karty-litacka,Q22670148,Q23776346,Q36918445
https://data.gov.cz/zdroj/datová-sada/3746578,Q49389
https://data.gov.cz/zdroj/datová-sada/http---data.ctu.cz-api-3-action-package_show-id-ed18708e-ff51-4edb-b7c2-8e53de2121ed,P366,Q22855,Q6954463,Q6954477
https://data.gov.cz/zdroj/datová-sada/http---data.ctu.cz-api-3-action-package_show-id-3a1c0f73-8796-42cd-99e0-7b250161ccd4,P642,Q1056901,Q12503,Q12645464,Q14870299,Q149076,Q20064794,Q23809,Q23860027,Q28008,Q3589618,Q9751
https://data.gov.cz/zdroj/datová-sada/232970083,P2094,Q17236800,Q217413,Q224414,Q4167836,Q427626,Q714737
https://data.gov.cz/zdroj/datová-sada/http---vdb.czso.cz-pll-eweb-package_show-id-ps2017CZ0524,Q1000091,Q1175205,Q12050478,Q12050480
https://data.gov.cz/zdroj/datová-sada/http---vdb.czso.cz-pll-eweb-package_show-id-ps2017CZ0643,Q11341490,Q11342427,Q11342453,Q11342479,Q11342506,Q14960,Q175185,Q20755586,Q21494493,Q23852864,Q23903593,Q24564069,Q33106182,Q402835,Q7920108
https://data.gov.cz/zdroj/datová-sada/http---data.ctu.cz-api-3-action-package_show-id-5811cff7-3459-445a-a1ba-2eedcce89b6d,Q11722947,Q11901748,Q25455293,Q328840,Q419342,Q47268139
https://data.gov.cz/zdroj/datová-sada/http---vdb.czso.cz-pll-eweb-package_show-id-cis101vaz53,Q329245,Q4023504
https://data.gov.cz/zdroj/datová-sada/143188351,Q10494269,Q684740
https://data.gov.cz/zdroj/datová-sada/http---vdb.czso.cz-pll-eweb-package_show-id-170242,P106,P582,Q1154736,Q192581,Q19968503,Q20127518,Q28580578,Q3033219,Q31212446,Q32043,Q3839895
https://data.gov.cz/zdroj/datová-sada/98172,P2348,Q103184,Q11383054,Q1172412,Q1404101,Q17416384,Q186081,Q344476,Q59820617,Q9200127
https://data.gov.cz/zdroj/datová-sada/227359046,Q12050787,Q12762756,Q142751,Q2529578,Q37572050,Q5638,Q774740,Q786153,Q870,Q924703,Q989190
https://data.gov.cz/zdroj/datová-sada/https---data.cssz.cz-api-3-action-package_show-id-duchody-dle-veku,Q21809809
https://data.gov.cz/zdroj/datová-sada/98719,Q12050935,Q2842797,Q32098
https://data.gov.cz/zdroj/datová-sada/https---opendata.ostrava.cz-api-3-action-package_show-id-volna-mista,Q43444324,Q45318839
https://data.gov.cz/zdroj/datová-sada/255131823,Q43392496,Q44682667,Q44697366,Q45103508,Q45122608
https://data.gov.cz/zdroj/datová-sada/https---data.cssz.cz-api-3-action-package_show-id-doba-rizeni-o-namitkach,P2047,Q11471,Q2199864,Q23859167,Q293481,Q644194,Q654693
https://data.gov.cz/zdroj/datová-sada/http---opendata.praha.eu-api-3-action-package_show-id-mestske-casti-v-praze,Q11384629,Q253019,Q394575
https://data.gov.cz/zdroj/datová-sada/http---vdb.czso.cz-pll-eweb-package_show-id-990124-17,Q118155,Q11877828,Q50701,Q877977
https://data.gov.cz/zdroj/datová-sada/http---data.ctu.cz-api-3-action-package_show-id-97de8f2b-b314-4b5b-9e20-0c9f4bce4df9,Q177332,Q30298,Q37475329,Q719391
https://data.gov.cz/zdroj/datová-sada/https---data.cssz.cz-api-3-action-package_show-id-prumerny-plat-v-cssz,Q194489,Q23866319,Q47507760
https://data.gov.cz/zdroj/datová-sada/http---vdb.czso.cz-pll-eweb-package_show-id-ps2017CZ0312,Q15124342,Q15304187,Q176969,Q18524039,Q188082,Q2354717
https://data.gov.cz/zdroj/datová-sada/http---vdb.czso.cz-pll-eweb-package_show-id-kz2016kandid,Q43461562,Q46255508
https://data.gov.cz/zdroj/datová-sada/http---vdb.czso.cz-pll-eweb-package_show-id-ps2017CZ0805,Q156080,Q577026
https://data.gov.cz/zdroj/datová-sada/http---vdb.czso.cz-pll-eweb-package_show-id-kz2016CZ0724,Q10861154,Q10861155,Q171018,Q207343,Q3916631,Q56414907
https://data.gov.cz/zdroj/datová-sada/3746378,P641,Q1076486,Q12021274,Q1202618,Q1757063,Q2310214,Q295996,Q349,Q37547060,Q38191815,Q38193462,Q43462488,Q45151864,Q45180186,Q45372336,Q45746369,Q45869826,Q46218345
https://data.gov.cz/zdroj/datová-sada/http---data.ctu.cz-api-3-action-package_show-id-5f7bfc49-f8ba-471b-9875-00f2ffe84944,Q23864541,Q57173735
https://data.gov.cz/zdroj/datová-sada/http---vdb.czso.cz-pll-eweb-package_show-id-ps2017CZ0635,Q10296611,Q10296613,Q10296615,Q10296617,Q10296619,Q10296621,Q10296623,Q10296627,Q10296628,Q10296631,Q10296633,Q19725006,Q28915757,Q30223974,Q346896,Q394456,Q394459,Q394461,Q394469,Q394481,Q394487,Q394489,Q56413957,Q56417390,Q56417391,Q56417392
https://data.gov.cz/zdroj/datová-sada/252969824,Q2144962
https://data.gov.cz/zdroj/datová-sada/255131981,Q1053461,Q1123245,Q1359207,Q28390,Q383185,Q50596104
https://data.gov.cz/zdroj/datová-sada/http---opendata.praha.eu-api-3-action-package_show-id-nakoleprahou,Q121359
https://data.gov.cz/zdroj/datová-sada/http---vdb.czso.cz-pll-eweb-package_show-id-kz2016CZ0713,Q12047220,Q23859955,Q470445,Q56414772
https://data.gov.cz/zdroj/datová-sada/http---data.ctu.cz-api-3-action-package_show-id-3172b927-95d3-4ff1-a376-1d2457884c0a,Q37654,Q561455
https://data.gov.cz/zdroj/datová-sada/http---vdb.czso.cz-pll-eweb-package_show-id-cis52vaz47,Q1466053,Q7876008
https://data.gov.cz/zdroj/datová-sada/http---data.ctu.cz-api-3-action-package_show-id-3a03175d-6c51-429c-8804-9077bae8e6cc,Q1084633,Q11348,Q1474048,Q15810910,Q2132873,Q25455004,Q358730,Q3736076,Q5244700,Q7279923,Q788331
https://data.gov.cz/zdroj/datová-sada/http---vdb.czso.cz-pll-eweb-package_show-id-ps2017CZ0424,Q17750110,Q23860818,Q23904528,Q29449133,Q45093702,Q56416354,Q616877
https://data.gov.cz/zdroj/datová-sada/http---opendata.praha.eu-api-3-action-package_show-id-magistrat-stenozaznamy-zhmp,Q13381310
https://data.gov.cz/zdroj/datová-sada/https---opendata.ostrava.cz-api-3-action-package_show-id-pocet-evidovanych-psu,Q1074500,Q12044677,Q144,Q145836,Q149082,Q23864606,Q2995318,Q3774493,Q394215,Q43006,Q467374,Q500936,Q80831
https://data.gov.cz/zdroj/datová-sada/http---vdb.czso.cz-pll-eweb-package_show-id-ps2017CZ0514,Q1008737,Q18180506,Q29448797,Q56416285
https://data.gov.cz/zdroj/datová-sada/225009953,Q23859075,Q93288
https://data.gov.cz/zdroj/datová-sada/http---vdb.czso.cz-pll-eweb-package_show-id-kz2016CZ0314,Q12047772,Q158245,Q15887017,Q174622,Q1818233,Q23865896,Q27653630,Q34679,Q406112,Q7415755
https://data.gov.cz/zdroj/datová-sada/https---opendata.plzen.eu-api-3-action-package_show-id-gis-rastrovy-podklad-wms-verejna-wms-gis-uzemni-cleneni,Q361116
https://data.gov.cz/zdroj/datová-sada/http---opendata.praha.eu-api-3-action-package_show-id-cykloscitace,Q1888694,Q53121
https://data.gov.cz/zdroj/datová-sada/37085007,P2555,Q12046378,Q28027261
https://data.gov.cz/zdroj/datová-sada/https---opendata.ostrava.cz-api-3-action-package_show-id-pocet-podanych-zadosti-o-cd,Q13407118,Q20057240,Q2104719,Q23862511,Q36544,Q37540855
https://data.gov.cz/zdroj/datová-sada/37085191,Q221722,Q44797468,Q44809243,Q45923901,Q45990709,Q46033753,Q46044314,Q46251050,Q46321654,Q46371458,Q5004679,Q52219819,Q56669224,Q628179
https://data.gov.cz/zdroj/datová-sada/http---vdb.czso.cz-pll-eweb-package_show-id-cis5634vaz5635,Q1117940,Q22231118,Q224472,Q3832790
https://data.gov.cz/zdroj/datová-sada/http---vdb.czso.cz-pll-eweb-package_show-id-ps2017CZ0523,Q12041522,Q2242740,Q56411896,Q591823,Q7483832
https://data.gov.cz/zdroj/datová-sada/http---opendata.praha.eu-api-3-action-package_show-id-chatbot-litacka-pilot,Q184199,Q5087507,Q870780
https://data.gov.cz/zdroj/datová-sada/http---data.mfcr.cz-api-3-action-package_show-id-makroekonomicka-predikce,Q748250
https://data.gov.cz/zdroj/datová-sada/http---opendata.praha.eu-api-3-action-package_show-id-detska-hriste-praha,Q19775428,Q22035487,Q22910676,Q3185979
https://data.gov.cz/zdroj/datová-sada/http---data.ctu.cz-api-3-action-package_show-id-62f62cd4-8ce4-469d-994e-53372b375460,Q1001059,Q11574,Q12641554,Q1321995,Q1477205,Q1775867,Q179873,Q20058063,Q23859098,Q2405909,Q27753,Q292894,Q41567877,Q428148,Q43430736,Q43460122,Q43463415,Q43517574,Q43533702,Q43567356,Q44652402,Q44688379,Q44769736,Q448244,Q44854736,Q44996548,Q45032828,Q45227934,Q45278697,Q45317033,Q45318343,Q45320890,Q45321785,Q4545027,Q45625221,Q45717219,Q45746678,Q45780862,Q45955423,Q682,Q6881511,Q783794,Q9956
https://data.gov.cz/zdroj/datová-sada/http---data.mfcr.cz-api-3-action-package_show-id-kontroly-v-oblasti-eet,Q16115191,Q190252,Q563328
https://data.gov.cz/zdroj/datová-sada/255131847,P452,Q3880610
https://data.gov.cz/zdroj/datová-sada/https---opendata.plzen.eu-api-3-action-package_show-id-plznito,Q152810
https://data.gov.cz/zdroj/datová-sada/http---data.ctu.cz-api-3-action-package_show-id-b89567d0-a5eb-4a30-bfcc-dacd988ff9e0,Q11956382,Q1553864,Q19366369,Q23295,Q23859097,Q304157,Q3598819,Q42817,Q5283295
https://data.gov.cz/zdroj/datová-sada/https---data.gov.cz-lkod-mdcr-package_show-id-seznam-zastavky,Q50346609
https://data.gov.cz/zdroj/datová-sada/http---atom.cuzk.cz-api-3-action-package_show-id-cz-00025712-cuzk_ruian-h-za-z_1-z-20181207,Q1066186,Q1192726,Q309
https://data.gov.cz/zdroj/datová-sada/https---opendata.plzen.eu-api-3-action-package_show-id-gis-technicka-mapa-site-rozvody-tepla-primar-a-sekundar,Q29408596
https://data.gov.cz/zdroj/datová-sada/2616190,P1629,P2305,Q1172412,Q12045631
https://data.gov.cz/zdroj/datová-sada/http---vdb.czso.cz-pll-eweb-package_show-id-130141r16,P1082,P38,Q1223600,Q14819852,Q1663655,Q1800545,Q193145,Q22947,Q23859213,Q2918584,Q33829,Q6927048,Q79782,Q8142
https://data.gov.cz/zdroj/datová-sada/712404,Q181487
https://data.gov.cz/zdroj/datová-sada/http---opendata.praha.eu-api-3-action-package_show-id-zastavky-pid-dle-druhu-dopravy-geodata,Q23859535
https://data.gov.cz/zdroj/datová-sada/http---opendata.praha.eu-api-3-action-package_show-id-kniha-dorucenych-faktur-p-5-za-rok-2016-csv-utf8,Q10351972,Q1152238,Q12299970,Q1491510,Q1605778,Q16241541,Q1918148,Q19527004,Q19610,Q203,Q20493169,Q3238968,Q4116214,Q4641090,Q4641091,Q50745,Q56033727,Q5652683,Q571,Q9134609
https://data.gov.cz/zdroj/datová-sada/http---opendata.kr-vysocina.cz-api-3-action-package_show-id-vysocina_kdj,Q1131225,Q11812162,Q3811945,Q483199,Q525985
https://data.gov.cz/zdroj/datová-sada/http---vdb.czso.cz-pll-eweb-package_show-id-kz2016CZ020B,Q11878955,Q17750059,Q2109440,Q841296,Q939754
https://data.gov.cz/zdroj/datová-sada/http---vdb.czso.cz-pll-eweb-package_show-id-kz2016CZ0317,Q12041537,Q12060103,Q193721,Q193785,Q30752293,Q43402603,Q44741395,Q56413037
https://data.gov.cz/zdroj/datová-sada/3386295,Q180600
https://data.gov.cz/zdroj/datová-sada/37085103,Q1059478,Q10861426,Q11778271,Q11778273,Q11881845,Q12039336,Q1310239,Q15989253,Q17375904,Q18114472,Q183366,Q191072,Q23859550,Q23866600,Q24817394,Q24817419,Q24820118,Q253326,Q25454949,Q26885508,Q407776,Q478110,Q515,Q52219147
https://data.gov.cz/zdroj/datová-sada/http---data.mmr.cz-api-3-action-package_show-id-seznam-faktur-mmr-z-roku-2017,Q26269140,Q43015
https://data.gov.cz/zdroj/datová-sada/http---vdb.czso.cz-pll-eweb-package_show-id-ps2017CZ0327,Q12058216,Q12058218,Q18180537,Q191097,Q2116429,Q243357,Q55972915,Q56416092
https://data.gov.cz/zdroj/datová-sada/https---opendata.ostrava.cz-api-3-action-package_show-id-turisticke-cile,Q16970,Q18924271,Q2655155,Q31208509,Q31495045,Q31698828,Q31736337,Q31881952,Q31965455,Q33408835,Q33421529,Q33422331,Q33506,Q33525584,Q37099480,Q424883,Q43501,Q464980,Q733201
https://data.gov.cz/zdroj/datová-sada/98221,Q2751586,Q45363551,Q46012807,Q696617
https://data.gov.cz/zdroj/datová-sada/http---vdb.czso.cz-pll-eweb-package_show-id-cis5103vaz5104,Q20522649,Q37463519,Q4782631
https://data.gov.cz/zdroj/datová-sada/http---data.mfcr.cz-api-3-action-package_show-id-dotace-dotinfo,Q15623447,Q44312
https://data.gov.cz/zdroj/datová-sada/http---data.ctu.cz-api-3-action-package_show-id-7e4de10d-9322-40da-9e1f-effff6d57e30,Q1067659,Q10689322,Q15078788,Q16114064,Q173285,Q178562,Q182438,Q191118,Q21041,Q235104,Q23855949,Q249501,Q54972630,Q9813
https://data.gov.cz/zdroj/datová-sada/281028,Q146307,Q2240705
https://data.gov.cz/zdroj/datová-sada/2347020,Q12048182,Q19530892,Q19530896,Q23853362,Q42213,Q43430514,Q45122879,Q45139268,Q45224677,Q45316149,Q52214470,Q542869,Q54500523,Q627012,Q6958747,Q7237283
https://data.gov.cz/zdroj/datová-sada/http---data.ctu.cz-api-3-action-package_show-id-4a125a6a-da27-422b-940c-dd4aeec072bc,Q116213,Q3487395,Q3503639,Q43388884
https://data.gov.cz/zdroj/datová-sada/https---data.cssz.cz-api-3-action-package_show-id-zanikle-duchody,Q12780996
https://data.gov.cz/zdroj/datová-sada/http---opendata.mzp.cz-api-3-action-package_show-id-geneticky-modifikovane-organismy,Q182726
https://data.gov.cz/zdroj/datová-sada/http---vdb.czso.cz-pll-eweb-package_show-id-cis7700,Q185148,Q189962,Q233991
https://data.gov.cz/zdroj/datová-sada/37085071,Q10884,Q155094,Q223655,Q272735,Q28942826,Q30659640,Q56023386,Q639721,Q882765
https://data.gov.cz/zdroj/datová-sada/http---atom.cuzk.cz-api-3-action-package_show-id-cz-00025712-cuzk_km-ku-dxf_738565,Q691652
https://data.gov.cz/zdroj/datová-sada/http---vdb.czso.cz-pll-eweb-package_show-id-kz2016CZ0512,Q1022842,Q12022187,Q147607,Q27645074,Q344364,Q44750047
https://data.gov.cz/zdroj/datová-sada/37065716,P969,Q319608,Q338075,Q835713
https://data.gov.cz/zdroj/datová-sada/http---atom.cuzk.cz-api-3-action-package_show-id-cz-00025712-cuzk_vo_587885,Q13629026
https://data.gov.cz/zdroj/datová-sada/http---opendata.kr-vysocina.cz-api-3-action-package_show-id-vysocina_prispevkove_organizace,Q106652,Q11948194,Q190930,Q2350207,Q23824964,Q23875902,Q346210,Q871238,Q878223
https://data.gov.cz/zdroj/datová-sada/http---vdb.czso.cz-pll-eweb-package_show-id-kz2016CZ0531,Q17750104,Q1790087,Q986070
https://data.gov.cz/zdroj/datová-sada/37085199,Q1630100,Q16861306,Q17444171,Q1851710,Q18614729,Q1979154,Q234018,Q2623243,Q34929,Q41176,Q43694649,Q4610556
https://data.gov.cz/zdroj/datová-sada/http---vdb.czso.cz-pll-eweb-package_show-id-kz2016CZ0633,Q1000073,Q1232143,Q15886977,Q19530022,Q23863719,Q25395194,Q56414930
https://data.gov.cz/zdroj/datová-sada/http---vdb.czso.cz-pll-eweb-package_show-id-kz2016CZ0801,Q1416115,Q56412216,Q9180524,Q994280
https://data.gov.cz/zdroj/datová-sada/https---data.cssz.cz-api-3-action-package_show-id-pocet-podanych-eldp,Q10911683,Q12045997,Q23858618
https://data.gov.cz/zdroj/datová-sada/http---opendata.praha.eu-api-3-action-package_show-id-p6-platy-a-odmeny,P2121,Q37507226,Q43368,Q46107307
https://data.gov.cz/zdroj/datová-sada/https---data.cssz.cz-api-3-action-package_show-id-minimalni-vymerovaci-zaklad-osvc,P3264,Q13383734,Q23858671,Q2912172
https://data.gov.cz/zdroj/datová-sada/http---atom.cuzk.cz-api-3-action-package_show-id-cz-00025712-cuzk_uhdp_1-20180701,P2046,Q12028908
https://data.gov.cz/zdroj/datová-sada/37085151,Q10817953,Q12949401,Q15735224,Q17326600,Q1776507,Q19819812,Q23825077,Q25588649,Q28915944,Q3491846,Q36888735,Q37455027,Q394900,Q43385418,Q43399862,Q43402614,Q43404527,Q43404728,Q43457315,Q43463012,Q43490942,Q43493141,Q43517618,Q43520674,Q43523124,Q43523669,Q43527350,Q43528472,Q4421,Q44646293,Q44647849,Q44695447,Q44710286,Q44714337,Q44720945,Q44722090,Q44723115,Q44749917,Q44757141,Q44796207,Q44807255,Q44816095,Q44817022,Q44817501,Q44818077,Q44820175,Q44875023,Q44943323,Q44977811,Q44988219,Q45033646,Q45041636,Q45091897,Q45097459,Q45104101,Q45187245,Q45201756,Q45203162,Q45208377,Q45249480,Q45270440,Q45287932,Q45292379,Q45293976,Q45300747,Q45303336,Q45308907,Q45313169,Q45313740,Q45320872,Q45339864,Q45348136,Q45662611,Q45703202,Q45713228,Q45785401,Q45790108,Q45790986,Q45807764,Q45854332,Q45861766,Q45863152,Q45929623,Q46047544,Q46143783,Q46356609,Q46366593,Q46409784,Q46424143,Q52219012,Q72946,Q8148,Q82630
https://data.gov.cz/zdroj/datová-sada/https---opendata.ostrava.cz-api-3-action-package_show-id-pocet-uzivatelu-systemu-emia,Q3052192
https://data.gov.cz/zdroj/datová-sada/184993252,Q12021686,Q23048811,Q29511,Q37281553,Q55120681
https://data.gov.cz/zdroj/datová-sada/http---vdb.czso.cz-pll-eweb-package_show-id-ps2017CZ0714,Q11829137,Q1701302,Q28536915,Q470380
https://data.gov.cz/zdroj/datová-sada/http---vdb.czso.cz-pll-eweb-package_show-id-kz2016CZ0722,Q1056062,Q1111172,Q12020581,Q12020582,Q12020583,Q12020584,Q12020585,Q12020586,Q12020587,Q12020588,Q12020589,Q12020591,Q12020592,Q12020593,Q12020594,Q12020595,Q12020597,Q12020598,Q12031169,Q1284650,Q1292466,Q1632334,Q23682515,Q23819398,Q23819399,Q23819400,Q23980466,Q2538328,Q2656698,Q28915210,Q29950783,Q30660404,Q37008896,Q37014602,Q37015179,Q37015348,Q37027585,Q37162597,Q37171784,Q37172579,Q37176661,Q37176974,Q37180255,Q37279074,Q37283873,Q37288269,Q37292808,Q37292924,Q37292972,Q37294111,Q37294909,Q37306233,Q37335656,Q37337022,Q37340567,Q37341917,Q37424256,Q37424380,Q37425318,Q37431036,Q37432398,Q37453718,Q37817587,Q37818950,Q37819772,Q37821096,Q38035317,Q38041257,Q38044844,Q38045811,Q38089725,Q38090405,Q38093173,Q38095596,Q38137337,Q38138611,Q38139816,Q38140160,Q38141364,Q38148384,Q38148521,Q38150393,Q38150471,Q38187307,Q38190679,Q38190920,Q38192980,Q38197330,Q38197646,Q38233042,Q38486617,Q413950,Q43530653,Q45063051,Q45320809,Q45321562,Q56414176,Q744099,Q88598,Q9276499,Q948110
